﻿<?xml version="1.0" encoding="utf-8"?>
<PVScan version="5.4.64.400" date="3/15/2019 10:12:45 AM" notes="">
  <SystemIDs SystemID="C5DC-5B40-BF0B-C9FE-CE9C-A2FC-E002-F241">
    <SystemID SystemID="4444" Description="WIMR" />
  </SystemIDs>
  <PVStateShard>
    <PVStateValue key="activeMode" value="FLIM" />
    <PVStateValue key="bitDepth" value="12" />
    <PVStateValue key="currentScanAmplitude">
      <IndexedValue index="XAxis" value="7.6" />
      <IndexedValue index="YAxis" value="-7.6" />
    </PVStateValue>
    <PVStateValue key="currentScanCenter">
      <IndexedValue index="XAxis" value="0" />
      <IndexedValue index="YAxis" value="0" />
    </PVStateValue>
    <PVStateValue key="daq">
      <IndexedValue index="0" value="Gain10" description="10x" />
      <IndexedValue index="1" value="Gain10" description="10x" />
      <IndexedValue index="2" value="Gain10" description="10x" />
      <IndexedValue index="3" value="Gain10" description="10x" />
    </PVStateValue>
    <PVStateValue key="dwellTime" value="2" />
    <PVStateValue key="flimADCResolution" value="8" />
    <PVStateValue key="flimPhotonCountingMode" value="False" />
    <PVStateValue key="framePeriod" value="0.684523720165584" />
    <PVStateValue key="interlacedScanTrackCount" value="0" />
    <PVStateValue key="laserPower">
      <IndexedValue index="0" value="130" description="Pockels" />
      <IndexedValue index="1" value="0" description="405nm" />
    </PVStateValue>
    <PVStateValue key="laserWavelength">
      <IndexedValue index="0" value="750" description="Excitation 1" />
    </PVStateValue>
    <PVStateValue key="linesPerFrame" value="512" />
    <PVStateValue key="maxVoltage">
      <IndexedValue index="XAxis" value="2.53333333333333" />
      <IndexedValue index="YAxis" value="-2.53333333333333" />
    </PVStateValue>
    <PVStateValue key="micronsPerPixel">
      <IndexedValue index="XAxis" value="0.194968943188351" />
      <IndexedValue index="YAxis" value="0.194968943188351" />
      <IndexedValue index="ZAxis" value="1" />
    </PVStateValue>
    <PVStateValue key="minVoltage">
      <IndexedValue index="XAxis" value="-2.53333333333333" />
      <IndexedValue index="YAxis" value="2.53333333333333" />
    </PVStateValue>
    <PVStateValue key="objectiveLens" value="Nikon 40x Water" />
    <PVStateValue key="objectiveLensMag" value="40" />
    <PVStateValue key="objectiveLensNA" value="1" />
    <PVStateValue key="opticalZoom" value="3" />
    <PVStateValue key="pixelsPerLine" value="512" />
    <PVStateValue key="pmtGain">
      <IndexedValue index="0" value="800" description="PMT 1 HV (GaAsP)" />
      <IndexedValue index="1" value="0" description="PMT 2 HV" />
      <IndexedValue index="2" value="0" description="PMT 3 HV" />
    </PVStateValue>
    <PVStateValue key="positionCurrent">
      <SubindexedValues index="XAxis">
        <SubindexedValue subindex="0" value="-7303.2" />
      </SubindexedValues>
      <SubindexedValues index="YAxis">
        <SubindexedValue subindex="0" value="33752.7" />
      </SubindexedValues>
      <SubindexedValues index="ZAxis">
        <SubindexedValue subindex="0" value="3813.575" />
      </SubindexedValues>
    </PVStateValue>
    <PVStateValue key="preampFilter" value="Filter1250KHz" description="1.25 MHz" />
    <PVStateValue key="preampOffset">
      <SubindexedValues index="0">
        <SubindexedValue subindex="0" value="0" description="Ch1" />
        <SubindexedValue subindex="1" value="0" description="Ch2" />
        <SubindexedValue subindex="2" value="0" description="Ch3" />
      </SubindexedValues>
    </PVStateValue>
    <PVStateValue key="rastersPerFrame" value="1" />
    <PVStateValue key="rotation" value="0" />
    <PVStateValue key="scanLinePeriod" value="0.00133435423034227" />
    <PVStateValue key="twophotonLaserPower">
      <IndexedValue index="0" value="3677" />
    </PVStateValue>
    <PVStateValue key="useInterlacedScanPattern" value="False" />
    <PVStateValue key="xYStageGridIndex" value="-1" />
    <PVStateValue key="xYStageGridXIndex" value="-1" />
    <PVStateValue key="xYStageGridYIndex" value="-1" />
    <PVStateValue key="yAspectExpansion" value="1" />
    <PVStateValue key="zDevice" value="0" />
  </PVStateShard>
  <AcquisitionData FLIMTimeBinNanoseconds="0.0390625" />
  <Sequence type="Single" cycle="1" time="10:12:45.2109245" xYStageGridNumXPositions="3" xYStageGridNumYPositions="3" xYStageGridOverlapPercentage="15" xYStageGridXOverlap="89.9632906784798" xYStageGridYOverlap="89.9632906784798">
    <PVStateShard />
    <AcquisitionData />
    <Frame relativeTime="0" absoluteTime="0.0769999999993161" index="1" parameterSet="CurrentSettings">
      <File channel="1" channelName="Ch1-G" filename="Coum2_130-161_Cycle00001_Ch1_000001.ome.tif" />
      <ExtraParameters lastGoodFrame="0" />
      <PVStateShard />
      <AcquisitionData />
    </Frame>
  </Sequence>
</PVScan>